league,season,team_match_rows
Bundesliga,2019_2020,610
Bundesliga,2020_2021,612
Bundesliga,2021_2022,610
Bundesliga,2022_2023,612
Bundesliga,2023_2024,612
Bundesliga,2024_2025,608
EPL,2019_2020,760
EPL,2020_2021,760
EPL,2021_2022,760
EPL,2022_2023,760
EPL,2023_2024,760
EPL,2024_2025,760
LaLiga,2019_2020,756
LaLiga,2020_2021,760
LaLiga,2021_2022,760
LaLiga,2022_2023,760
LaLiga,2023_2024,760
LaLiga,2024_2025,760
Ligue1,2019_2020,554
Ligue1,2020_2021,760
Ligue1,2021_2022,760
Ligue1,2022_2023,760
Ligue1,2023_2024,612
Ligue1,2024_2025,612
SerieA,2019_2020,760
SerieA,2020_2021,758
SerieA,2021_2022,758
SerieA,2022_2023,760
SerieA,2023_2024,760
SerieA,2024_2025,760
